資料3-1_20200801更新版：感染者等発生時の工学研究科プロトコルv4.pdf, document3-1_protocol_v4.pdf
資料3-1_20200801更新版：感染者等発生時の工学研究科プロトコルv4.pdf, document3-1_protocol_v4.pdf
資料3-10_活動制限のガイドラインにおける対応レベルの変更について_200522.pdf, document3-10_change_level_200522.pdf
資料3-11_大学等の再開に向けた感染症拡大予防のためのガイドライン_200527.pdf, document3-11_guideline_200527.pdf
資料3-1_20200801更新版：感染者等発生時の工学研究科プロトコルv4.pdf, document3-1_20200801_protocol_v4.pdf
資料3-12_他都道府県への移動を伴う学生の校外実習授業・インターンシップ活動に関する方針20200609.docx.pdf, document3-12_internship_guideline_20200609.docx.pdf
資料3-13_研究活動等の工学研究科指針（緩和措置１号）2020年６月26日.pdf, document3-13_engineering_dept_policy_20200626.pdf
'資料3-14_2020 環境省コロナ・熱中症パンフレット.pdf', document3-14_2020_EnvMinistory_corona_heatshock.pdf'
資料3-15_夏季における研究室の換気について20200703.pdf, document3-15_ventilation_20200703.pdf
資料3-16_01_200710ガイドラインレベル2-（通知）_ガイドライン第2版.pdf, document3-16_01200710_guideline2-.pdf
資料3-17_2020年7月28日工学の指針（対応レベルの引き上げ）.pdf, document3-17_20200728_engineering_dept_guideline.pdf
資料3-1_感染者等発生時の工学研究科プロトコル_200413.pdf, document3-1_protocol_200413.pdf
資料3-2_20200731更新版：工学研究科・工学部の構成員あるいはその家族が新型コロナウイルス（SARS-CoV-2）に感染または感染した疑いがある場合等の取り扱いについて_v2.pdf, document3-2_20200731_SARS-CoV-2_infection_guideline.pdf
資料3-2_新型コロナウイルス感染拡大防止に対する業務について（一部改正）_200422.pdf, document3-2_stop_coronal_outbreak_200422.pdf
資料3-3_経過観察表（濃厚接触者等用）英語併記_200424.xlsx, document3-3_healthcheck_sheet_200424.xlsx
資料3-4_活動制限のガイドラインについて第1版_200414.pdf, document3-4_guideline_200414.pdf
資料3-5_新型コロナウイルス感染拡大防止に伴う活動制限のガイドラインにおける対応レベルの引き上げについて_200417.pdf, document3-5_level_up_200417.pdf
資料3-6_新型コロナウイルス感染症予防のための消毒方法について_200319.pdf, document3-6_how_to_disinfection_200319.pdf
資料3-7_研究活動再開に向けた工学研究科指針_200519.pdf, document3-7_engineering_dept_policy_200519.pdf
'資料3-8_Health check log_200519.xlsx', document3-8_Health_check_log_200519.xlsx
資料3-9_感染拡大の防止と研究活動の両立に向けたガイドライン_200514.pdf, document3-9_guideline_200514.pdf